CREATE TABLE ENT_ROLE(
  ROLE_ID INT NOT NULL AUTO_INCREMENT,
  ROLE_NO VARCHAR(20) NOT NULL,
  ROLE_NAME VARCHAR(50),
  CREATED_BY VARCHAR(20),
  CREATED_DATE DATETIME,
  UPDATED_BY VARCHAR(20),
  UPDATED_DATE DATETIME,
  IS_DELETED CHAR,
  PRIMARY KEY(ROLE_ID)
);

CREATE TABLE ENT_EMPLOYEE(
  EMPLOYEE_ID INT NOT NULL AUTO_INCREMENT,
  EMPLOYEE_NO VARCHAR(20) NOT NULL,
  FIRSTNAME VARCHAR(50),
  LASTNAME VARCHAR(50),
  ROLE_ID INT,
  CREATED_BY VARCHAR(20),
  CREATED_DATE DATETIME,
  UPDATED_BY VARCHAR(20),
  UPDATED_DATE DATETIME,
  IS_DELETED CHAR,
  PRIMARY KEY(EMPLOYEE_ID),
  FOREIGN KEY (ROLE_ID) REFERENCES ENT_ROLE(ROLE_ID)
);

CREATE TABLE ENT_USER_LOGIN(
  USER_LOGIN_ID INT NOT NULL AUTO_INCREMENT,
  USERNAME VARCHAR(50) NOT NULL,
  PASSWORD VARCHAR(300) NOT NULL,
  EMPLOYEE_ID INT NOT NULL,
  CREATED_BY VARCHAR(20),
  CREATED_DATE DATETIME,
  UPDATED_BY VARCHAR(20),
  UPDATED_DATE DATETIME,
  IS_DELETED CHAR,
  PRIMARY KEY(USER_LOGIN_ID),
  FOREIGN KEY (EMPLOYEE_ID) REFERENCES ENT_EMPLOYEE(EMPLOYEE_ID)
);

CREATE TABLE ENT_SESSION(
  SESSION_ID VARCHAR(100) NOT NULL,
  USER_LOGIN_ID INT NOT NULL,
  EXPIRE_DATE DATETIME NOT NULL,
  CREATED_BY VARCHAR(20),
  CREATED_DATE DATETIME,
  UPDATED_BY VARCHAR(20),
  UPDATED_DATE DATETIME,
  IS_DELETED CHAR,
  PRIMARY KEY(SESSION_ID),
  FOREIGN KEY (USER_LOGIN_ID) REFERENCES ENT_USER_LOGIN(USER_LOGIN_ID)
);

CREATE TABLE MAS_PERMISSION_ACTION(
  PERMISSION_ACTION_ID INT NOT NULL AUTO_INCREMENT,
  PERMISSION_ACTION_NO VARCHAR(5) NOT NULL,
  PERMISSION_ACTION_NAME VARCHAR(50),
  CREATED_BY VARCHAR(20),
  CREATED_DATE DATETIME,
  UPDATED_BY VARCHAR(20),
  UPDATED_DATE DATETIME,
  IS_DELETED CHAR,
  PRIMARY KEY(PERMISSION_ACTION_ID)
);

CREATE TABLE MAS_MENU(
  MENU_ID INT NOT NULL AUTO_INCREMENT,
  MENU_NO VARCHAR(5) NOT NULL,
  MENU_NAME VARCHAR(50),
  CREATED_BY VARCHAR(20),
  CREATED_DATE DATETIME,
  UPDATED_BY VARCHAR(20),
  UPDATED_DATE DATETIME,
  IS_DELETED CHAR,
  PRIMARY KEY(MENU_ID)
);

CREATE TABLE MAP_ROLE_PERMISSION(
  ROLE_PERMISSION_ID INT NOT NULL AUTO_INCREMENT,
  ROLE_ID INT NOT NULL,
  MENU_ID INT NOT NULL,
  PERMISSION_ACTION_ID INT NOT NULL,
  CREATED_BY VARCHAR(20),
  CREATED_DATE DATETIME,
  UPDATED_BY VARCHAR(20),
  UPDATED_DATE DATETIME,
  IS_DELETED CHAR,
  PRIMARY KEY(ROLE_PERMISSION_ID),
  FOREIGN KEY (ROLE_ID) REFERENCES ENT_ROLE(ROLE_ID),
  FOREIGN KEY (MENU_ID) REFERENCES MAS_MENU(MENU_ID),
  FOREIGN KEY (PERMISSION_ACTION_ID) REFERENCES MAS_PERMISSION_ACTION(PERMISSION_ACTION_ID)
);

CREATE TABLE MAS_INITIAL_PERMISSION (
  INITIAL_PERMISSION_ID INT NOT NULL AUTO_INCREMENT,
  MENU_ID INT NOT NULL,
  PERMISSION_ACTION_ID INT NOT NULL,
  CREATED_BY VARCHAR(20),
  CREATED_DATE DATETIME,
  UPDATED_BY VARCHAR(20),
  UPDATED_DATE DATETIME,
  IS_DELETED CHAR,
  PRIMARY KEY(INITIAL_PERMISSION_ID)
);

INSERT INTO ENT_ROLE (ROLE_ID, ROLE_NO, ROLE_NAME, CREATED_BY, CREATED_DATE, UPDATED_BY, UPDATED_DATE, IS_DELETED) VALUES(1, '001', 'Maker', 'SYSTEM', current_timestamp, null, null, 'N');
INSERT INTO ENT_ROLE (ROLE_ID, ROLE_NO, ROLE_NAME, CREATED_BY, CREATED_DATE, UPDATED_BY, UPDATED_DATE, IS_DELETED) VALUES(2, '002', 'Checker', 'SYSTEM', current_timestamp, null, null, 'N');
INSERT INTO ENT_ROLE (ROLE_ID, ROLE_NO, ROLE_NAME, CREATED_BY, CREATED_DATE, UPDATED_BY, UPDATED_DATE, IS_DELETED) VALUES(3, '003', 'Approver', 'SYSTEM', current_timestamp, null, null, 'N');
INSERT INTO ENT_ROLE (ROLE_ID, ROLE_NO, ROLE_NAME, CREATED_BY, CREATED_DATE, UPDATED_BY, UPDATED_DATE, IS_DELETED) VALUES(4, '004', 'Administrator', 'SYSTEM', current_timestamp, null, null, 'N');

INSERT INTO ENT_EMPLOYEE (EMPLOYEE_ID, EMPLOYEE_NO, FIRSTNAME, LASTNAME, ROLE_ID, CREATED_BY, CREATED_DATE, UPDATED_BY, UPDATED_DATE, IS_DELETED) VALUES(1, '000001', 'Maker 1', 'Maker Lastname 1', 1, 'SYSTEM', current_timestamp, null, null, 'N');
INSERT INTO ENT_EMPLOYEE (EMPLOYEE_ID, EMPLOYEE_NO, FIRSTNAME, LASTNAME, ROLE_ID, CREATED_BY, CREATED_DATE, UPDATED_BY, UPDATED_DATE, IS_DELETED) VALUES(2, '000002', 'Checker 1', 'Checker Lastname 1', 2, 'SYSTEM', current_timestamp, null, null, 'N');
INSERT INTO ENT_EMPLOYEE (EMPLOYEE_ID, EMPLOYEE_NO, FIRSTNAME, LASTNAME, ROLE_ID, CREATED_BY, CREATED_DATE, UPDATED_BY, UPDATED_DATE, IS_DELETED) VALUES(3, '000003', 'Approver 1', 'Approver Lastname 1', 3, 'SYSTEM', current_timestamp, null, null, 'N');
INSERT INTO ENT_EMPLOYEE (EMPLOYEE_ID, EMPLOYEE_NO, FIRSTNAME, LASTNAME, ROLE_ID, CREATED_BY, CREATED_DATE, UPDATED_BY, UPDATED_DATE, IS_DELETED) VALUES(4, '000004', 'Administrator 1', 'Administrator Lastname 1', 4, 'SYSTEM', current_timestamp, null, null, 'N');

INSERT INTO ENT_USER_LOGIN (USER_LOGIN_ID, USERNAME, PASSWORD, EMPLOYEE_ID, CREATED_BY, CREATED_DATE, UPDATED_BY, UPDATED_DATE, IS_DELETED) VALUES(1, 'maker1', '$2a$10$/skGQbcBuTIrscH8L8vX3OhdSwNqBNsP.nNf1T9dStpalqq6vY7eO', 1, 'SYSTEM', current_timestamp, null, null, 'N');
INSERT INTO ENT_USER_LOGIN (USER_LOGIN_ID, USERNAME, PASSWORD, EMPLOYEE_ID, CREATED_BY, CREATED_DATE, UPDATED_BY, UPDATED_DATE, IS_DELETED) VALUES(2, 'checker1', '$2a$10$/skGQbcBuTIrscH8L8vX3OhdSwNqBNsP.nNf1T9dStpalqq6vY7eO', 2, 'SYSTEM', current_timestamp, null, null, 'N');
INSERT INTO ENT_USER_LOGIN (USER_LOGIN_ID, USERNAME, PASSWORD, EMPLOYEE_ID, CREATED_BY, CREATED_DATE, UPDATED_BY, UPDATED_DATE, IS_DELETED) VALUES(3, 'approver1', '$2a$10$/skGQbcBuTIrscH8L8vX3OhdSwNqBNsP.nNf1T9dStpalqq6vY7eO', 3, 'SYSTEM', current_timestamp, null, null, 'N');
INSERT INTO ENT_USER_LOGIN (USER_LOGIN_ID, USERNAME, PASSWORD, EMPLOYEE_ID, CREATED_BY, CREATED_DATE, UPDATED_BY, UPDATED_DATE, IS_DELETED) VALUES(4, 'admin1', '$2a$10$/skGQbcBuTIrscH8L8vX3OhdSwNqBNsP.nNf1T9dStpalqq6vY7eO', 4, 'SYSTEM', current_timestamp, null, null, 'N');

INSERT INTO MAS_PERMISSION_ACTION (PERMISSION_ACTION_ID, PERMISSION_ACTION_NO, PERMISSION_ACTION_NAME, CREATED_BY, CREATED_DATE, UPDATED_BY, UPDATED_DATE, IS_DELETED) VALUES(1, '01', 'Create', 'SYSTEM', current_timestamp, null, null, 'N');
INSERT INTO MAS_PERMISSION_ACTION (PERMISSION_ACTION_ID, PERMISSION_ACTION_NO, PERMISSION_ACTION_NAME, CREATED_BY, CREATED_DATE, UPDATED_BY, UPDATED_DATE, IS_DELETED) VALUES(2, '02', 'View', 'SYSTEM', current_timestamp, null, null, 'N');
INSERT INTO MAS_PERMISSION_ACTION (PERMISSION_ACTION_ID, PERMISSION_ACTION_NO, PERMISSION_ACTION_NAME, CREATED_BY, CREATED_DATE, UPDATED_BY, UPDATED_DATE, IS_DELETED) VALUES(3, '03', 'Edit', 'SYSTEM', current_timestamp, null, null, 'N');
INSERT INTO MAS_PERMISSION_ACTION (PERMISSION_ACTION_ID, PERMISSION_ACTION_NO, PERMISSION_ACTION_NAME, CREATED_BY, CREATED_DATE, UPDATED_BY, UPDATED_DATE, IS_DELETED) VALUES(4, '04', 'Search', 'SYSTEM', current_timestamp, null, null, 'N');
INSERT INTO MAS_PERMISSION_ACTION (PERMISSION_ACTION_ID, PERMISSION_ACTION_NO, PERMISSION_ACTION_NAME, CREATED_BY, CREATED_DATE, UPDATED_BY, UPDATED_DATE, IS_DELETED) VALUES(5, '05', 'Approve', 'SYSTEM', current_timestamp, null, null, 'N');
INSERT INTO MAS_PERMISSION_ACTION (PERMISSION_ACTION_ID, PERMISSION_ACTION_NO, PERMISSION_ACTION_NAME, CREATED_BY, CREATED_DATE, UPDATED_BY, UPDATED_DATE, IS_DELETED) VALUES(6, '06', 'Export Report', 'SYSTEM', current_timestamp, null, null, 'N');

INSERT INTO MAS_MENU (MENU_ID, MENU_NO, MENU_NAME, CREATED_BY, CREATED_DATE, UPDATED_BY, UPDATED_DATE, IS_DELETED) VALUES(1, '001', 'Create Loan', 'SYSTEM', current_timestamp, null, null, 'N');
INSERT INTO MAS_MENU (MENU_ID, MENU_NO, MENU_NAME, CREATED_BY, CREATED_DATE, UPDATED_BY, UPDATED_DATE, IS_DELETED) VALUES(2, '002', 'Approve Loan', 'SYSTEM', current_timestamp, null, null, 'N');
INSERT INTO MAS_MENU (MENU_ID, MENU_NO, MENU_NAME, CREATED_BY, CREATED_DATE, UPDATED_BY, UPDATED_DATE, IS_DELETED) VALUES(3, '003', 'User Management', 'SYSTEM', current_timestamp, null, null, 'N');
INSERT INTO MAS_MENU (MENU_ID, MENU_NO, MENU_NAME, CREATED_BY, CREATED_DATE, UPDATED_BY, UPDATED_DATE, IS_DELETED) VALUES(4, '004', 'Role Management', 'SYSTEM', current_timestamp, null, null, 'N');
INSERT INTO MAS_MENU (MENU_ID, MENU_NO, MENU_NAME, CREATED_BY, CREATED_DATE, UPDATED_BY, UPDATED_DATE, IS_DELETED) VALUES(5, '005', 'Permission Management', 'SYSTEM', current_timestamp, null, null, 'N');

INSERT INTO MAS_INITIAL_PERMISSION (INITIAL_PERMISSION_ID, MENU_ID, PERMISSION_ACTION_ID, CREATED_BY, CREATED_DATE, UPDATED_BY, UPDATED_DATE, IS_DELETED) VALUES(1, 1, 1, 'SYSTEM', current_timestamp, null, null, 'N');
INSERT INTO MAS_INITIAL_PERMISSION (INITIAL_PERMISSION_ID, MENU_ID, PERMISSION_ACTION_ID, CREATED_BY, CREATED_DATE, UPDATED_BY, UPDATED_DATE, IS_DELETED) VALUES(2, 1, 2, 'SYSTEM', current_timestamp, null, null, 'N');
INSERT INTO MAS_INITIAL_PERMISSION (INITIAL_PERMISSION_ID, MENU_ID, PERMISSION_ACTION_ID, CREATED_BY, CREATED_DATE, UPDATED_BY, UPDATED_DATE, IS_DELETED) VALUES(3, 1, 3, 'SYSTEM', current_timestamp, null, null, 'N');
INSERT INTO MAS_INITIAL_PERMISSION (INITIAL_PERMISSION_ID, MENU_ID, PERMISSION_ACTION_ID, CREATED_BY, CREATED_DATE, UPDATED_BY, UPDATED_DATE, IS_DELETED) VALUES(4, 1, 4, 'SYSTEM', current_timestamp, null, null, 'N');
INSERT INTO MAS_INITIAL_PERMISSION (INITIAL_PERMISSION_ID, MENU_ID, PERMISSION_ACTION_ID, CREATED_BY, CREATED_DATE, UPDATED_BY, UPDATED_DATE, IS_DELETED) VALUES(5, 2, 2, 'SYSTEM', current_timestamp, null, null, 'N');
INSERT INTO MAS_INITIAL_PERMISSION (INITIAL_PERMISSION_ID, MENU_ID, PERMISSION_ACTION_ID, CREATED_BY, CREATED_DATE, UPDATED_BY, UPDATED_DATE, IS_DELETED) VALUES(6, 2, 4, 'SYSTEM', current_timestamp, null, null, 'N');
INSERT INTO MAS_INITIAL_PERMISSION (INITIAL_PERMISSION_ID, MENU_ID, PERMISSION_ACTION_ID, CREATED_BY, CREATED_DATE, UPDATED_BY, UPDATED_DATE, IS_DELETED) VALUES(7, 2, 5, 'SYSTEM', current_timestamp, null, null, 'N');
INSERT INTO MAS_INITIAL_PERMISSION (INITIAL_PERMISSION_ID, MENU_ID, PERMISSION_ACTION_ID, CREATED_BY, CREATED_DATE, UPDATED_BY, UPDATED_DATE, IS_DELETED) VALUES(8, 2, 6, 'SYSTEM', current_timestamp, null, null, 'N');
INSERT INTO MAS_INITIAL_PERMISSION (INITIAL_PERMISSION_ID, MENU_ID, PERMISSION_ACTION_ID, CREATED_BY, CREATED_DATE, UPDATED_BY, UPDATED_DATE, IS_DELETED) VALUES(9, 3, 1, 'SYSTEM', current_timestamp, null, null, 'N');
INSERT INTO MAS_INITIAL_PERMISSION (INITIAL_PERMISSION_ID, MENU_ID, PERMISSION_ACTION_ID, CREATED_BY, CREATED_DATE, UPDATED_BY, UPDATED_DATE, IS_DELETED) VALUES(10, 3, 2, 'SYSTEM', current_timestamp, null, null, 'N');
INSERT INTO MAS_INITIAL_PERMISSION (INITIAL_PERMISSION_ID, MENU_ID, PERMISSION_ACTION_ID, CREATED_BY, CREATED_DATE, UPDATED_BY, UPDATED_DATE, IS_DELETED) VALUES(11, 3, 3, 'SYSTEM', current_timestamp, null, null, 'N');
INSERT INTO MAS_INITIAL_PERMISSION (INITIAL_PERMISSION_ID, MENU_ID, PERMISSION_ACTION_ID, CREATED_BY, CREATED_DATE, UPDATED_BY, UPDATED_DATE, IS_DELETED) VALUES(12, 3, 4, 'SYSTEM', current_timestamp, null, null, 'N');
INSERT INTO MAS_INITIAL_PERMISSION (INITIAL_PERMISSION_ID, MENU_ID, PERMISSION_ACTION_ID, CREATED_BY, CREATED_DATE, UPDATED_BY, UPDATED_DATE, IS_DELETED) VALUES(13, 4, 1, 'SYSTEM', current_timestamp, null, null, 'N');
INSERT INTO MAS_INITIAL_PERMISSION (INITIAL_PERMISSION_ID, MENU_ID, PERMISSION_ACTION_ID, CREATED_BY, CREATED_DATE, UPDATED_BY, UPDATED_DATE, IS_DELETED) VALUES(14, 4, 2, 'SYSTEM', current_timestamp, null, null, 'N');
INSERT INTO MAS_INITIAL_PERMISSION (INITIAL_PERMISSION_ID, MENU_ID, PERMISSION_ACTION_ID, CREATED_BY, CREATED_DATE, UPDATED_BY, UPDATED_DATE, IS_DELETED) VALUES(15, 4, 3, 'SYSTEM', current_timestamp, null, null, 'N');
INSERT INTO MAS_INITIAL_PERMISSION (INITIAL_PERMISSION_ID, MENU_ID, PERMISSION_ACTION_ID, CREATED_BY, CREATED_DATE, UPDATED_BY, UPDATED_DATE, IS_DELETED) VALUES(16, 4, 4, 'SYSTEM', current_timestamp, null, null, 'N');
INSERT INTO MAS_INITIAL_PERMISSION (INITIAL_PERMISSION_ID, MENU_ID, PERMISSION_ACTION_ID, CREATED_BY, CREATED_DATE, UPDATED_BY, UPDATED_DATE, IS_DELETED) VALUES(17, 5, 1, 'SYSTEM', current_timestamp, null, null, 'N');
INSERT INTO MAS_INITIAL_PERMISSION (INITIAL_PERMISSION_ID, MENU_ID, PERMISSION_ACTION_ID, CREATED_BY, CREATED_DATE, UPDATED_BY, UPDATED_DATE, IS_DELETED) VALUES(18, 5, 2, 'SYSTEM', current_timestamp, null, null, 'N');
INSERT INTO MAS_INITIAL_PERMISSION (INITIAL_PERMISSION_ID, MENU_ID, PERMISSION_ACTION_ID, CREATED_BY, CREATED_DATE, UPDATED_BY, UPDATED_DATE, IS_DELETED) VALUES(19, 5, 3, 'SYSTEM', current_timestamp, null, null, 'N');
INSERT INTO MAS_INITIAL_PERMISSION (INITIAL_PERMISSION_ID, MENU_ID, PERMISSION_ACTION_ID, CREATED_BY, CREATED_DATE, UPDATED_BY, UPDATED_DATE, IS_DELETED) VALUES(20, 5, 4, 'SYSTEM', current_timestamp, null, null, 'N');

INSERT INTO MAP_ROLE_PERMISSION (ROLE_ID, MENU_ID, PERMISSION_ACTION_ID, CREATED_BY, CREATED_DATE, UPDATED_BY, UPDATED_DATE, IS_DELETED) VALUES(4, 5, 1, 'SYSTEM', current_timestamp, null, null, 'N');
INSERT INTO MAP_ROLE_PERMISSION (ROLE_ID, MENU_ID, PERMISSION_ACTION_ID, CREATED_BY, CREATED_DATE, UPDATED_BY, UPDATED_DATE, IS_DELETED) VALUES(4, 5, 2, 'SYSTEM', current_timestamp, null, null, 'N');
INSERT INTO MAP_ROLE_PERMISSION (ROLE_ID, MENU_ID, PERMISSION_ACTION_ID, CREATED_BY, CREATED_DATE, UPDATED_BY, UPDATED_DATE, IS_DELETED) VALUES(4, 5, 3, 'SYSTEM', current_timestamp, null, null, 'N');
INSERT INTO MAP_ROLE_PERMISSION (ROLE_ID, MENU_ID, PERMISSION_ACTION_ID, CREATED_BY, CREATED_DATE, UPDATED_BY, UPDATED_DATE, IS_DELETED) VALUES(4, 5, 4, 'SYSTEM', current_timestamp, null, null, 'N');
